equation_id,next_equation_id,species,zone,initial_density_trees_ha,site_index,management_regime,growth_curve,alpha,beta,gamma
1,,Eucalyptus globulus,1,800,24,none,unthinned,2.371,1.778,0.0
2,,Eucalyptus globulus,1,800,26,none,unthinned,2.371,1.778,0.0
3,,Eucalyptus globulus,1,800,28,none,unthinned,5.464,1.591,0.0
4,,Eucalyptus globulus,1,800,30,none,unthinned,7.709,1.519,0.0
5,,Eucalyptus globulus,1,800,32,none,unthinned,10.228,1.462,6.24
6,,Eucalyptus globulus,1,1250,24,none,unthinned,2.379,1.774,0.0
7,,Eucalyptus globulus,1,1250,26,none,unthinned,3.794,1.666,0.0
8,,Eucalyptus globulus,1,1250,28,none,unthinned,5.307,1.6,0.0
9,,Eucalyptus globulus,1,1250,30,none,unthinned,7.779,1.513,0.0
10,,Eucalyptus globulus,1,1250,32,none,unthinned,10.304,1.457,5.66
11,,Eucalyptus globulus,2,800,24,none,unthinned,3.221,1.647,0.0
12,,Eucalyptus globulus,2,800,26,none,unthinned,3.612,1.656,0.0
13,,Eucalyptus globulus,2,800,28,none,unthinned,4.559,1.618,0.0
14,,Eucalyptus globulus,2,800,30,none,unthinned,5.926,1.567,0.0
15,,Eucalyptus globulus,2,800,32,none,unthinned,7.3,1.532,0.0
16,,Eucalyptus globulus,2,1250,24,none,unthinned,3.197,1.65,0.0
17,,Eucalyptus globulus,2,1250,26,none,unthinned,3.729,1.645,0.0
18,,Eucalyptus globulus,2,1250,28,none,unthinned,5.129,1.574,0.0
19,,Eucalyptus globulus,2,1250,30,none,unthinned,6.201,1.547,0.0
20,,Eucalyptus globulus,2,1250,32,none,unthinned,7.592,1.514,0.0
21,23.0,Pinus radiata,6,1250,32,intensive_1,pre_thinning_1250_700,0.421,2.253,3.485
22,24.0,Pinus radiata,7,1250,32,intensive_1,pre_thinning_1250_700,0.576,2.044,3.968
23,,Pinus radiata,6,1250,32,intensive_1,post_thinning_700_300,122.491,0.562,-416.814
24,,Pinus radiata,7,1250,32,intensive_1,post_thinning_700_300,22.934,0.936,-171.991
25,27.0,Pinus radiata,6,1250,29,intensive_2,pre_thinning_1250_700,0.421,2.253,3.485
26,28.0,Pinus radiata,7,1250,29,intensive_2,pre_thinning_1250_700,0.07,2.85,7.522
27,,Pinus radiata,6,1250,29,intensive_2,post_thinning_700_300,122.491,0.562,-416.814
28,,Pinus radiata,7,1250,29,intensive_2,post_thinning_700_300,40.929,0.774,-227.526
29,31.0,Pinus radiata,6,1250,26,multipurpose,pre_thinning_1250_700,0.069,2.791,1.441
30,32.0,Pinus radiata,7,1250,26,multipurpose,pre_thinning_1250_700,0.047,2.905,8.454
31,,Pinus radiata,6,1250,26,multipurpose,post_thinning_700_300,58.378,0.701,-298.45
32,,Pinus radiata,7,1250,26,multipurpose,post_thinning_700_300,56.816,0.666,-260.576
33,,Pinus radiata,6,1250,23,pulpwood,unthinned,9.592,1.169,-97.246
34,,Pinus radiata,7,1250,23,pulpwood,unthinned,20.852,0.844,-103.893
