stand_id,area_ha,species,initial_age,zone,site_index,management_regime,growth_curve,initial_density_trees_ha
stand65,95.869,Pinus radiata,14,6,32,intensive_1,pre_thinning_1250_700,1250
stand68,86.208,Pinus radiata,12,7,32,intensive_1,pre_thinning_1250_700,1250
stand75,73.302,Pinus radiata,10,6,29,intensive_2,pre_thinning_1250_700,1250
stand97,47.236,Pinus radiata,16,7,29,intensive_2,pre_thinning_1250_700,1250
stand98,42.262,Pinus radiata,13,6,26,multipurpose,pre_thinning_1250_700,1250
stand95,34.897,Pinus radiata,11,7,26,multipurpose,pre_thinning_1250_700,1250
stand80,27.313,Pinus radiata,17,6,32,intensive_1,pre_thinning_1250_700,1250
stand81,21.058,Pinus radiata,13,7,32,intensive_1,pre_thinning_1250_700,1250
stand82,18.408,Pinus radiata,19,6,29,intensive_2,pre_thinning_1250_700,1250
stand102,17.882,Pinus radiata,12,7,29,intensive_2,pre_thinning_1250_700,1250
stand84,14.189,Pinus radiata,15,6,26,multipurpose,pre_thinning_1250_700,1250
stand99,10.48,Pinus radiata,16,7,26,multipurpose,pre_thinning_1250_700,1250
stand71,8.81,Pinus radiata,15,6,32,intensive_1,pre_thinning_1250_700,1250
stand72,7.329,Pinus radiata,19,7,32,intensive_1,pre_thinning_1250_700,1250
stand103,7.268,Pinus radiata,11,6,29,intensive_2,pre_thinning_1250_700,1250
stand101,3.408,Pinus radiata,18,7,29,intensive_2,pre_thinning_1250_700,1250
stand66,3.257,Pinus radiata,19,6,26,multipurpose,pre_thinning_1250_700,1250
stand69,2.236,Pinus radiata,15,7,26,multipurpose,pre_thinning_1250_700,1250
stand64,2.07,Pinus radiata,14,6,32,intensive_1,pre_thinning_1250_700,1250
stand67,1.569,Pinus radiata,18,7,32,intensive_1,pre_thinning_1250_700,1250
stand96,1.044,Pinus radiata,18,6,29,intensive_2,pre_thinning_1250_700,1250
stand78,0.898,Pinus radiata,10,7,29,intensive_2,pre_thinning_1250_700,1250
stand70,0.887,Pinus radiata,13,6,26,multipurpose,pre_thinning_1250_700,1250
stand100,0.886,Pinus radiata,11,7,26,multipurpose,pre_thinning_1250_700,1250
stand74,0.867,Pinus radiata,10,6,32,intensive_1,pre_thinning_1250_700,1250
stand83,0.732,Pinus radiata,17,7,32,intensive_1,pre_thinning_1250_700,1250
stand73,0.692,Pinus radiata,16,6,29,intensive_2,pre_thinning_1250_700,1250
stand77,0.393,Pinus radiata,14,7,29,intensive_2,pre_thinning_1250_700,1250
stand76,0.178,Pinus radiata,12,6,26,multipurpose,pre_thinning_1250_700,1250
stand79,0.105,Pinus radiata,17,7,26,multipurpose,pre_thinning_1250_700,1250
stand59,47.778,Eucalyptus globulus,5,1,28,none,unthinned,1250
stand58,43.299,Eucalyptus globulus,4,1,30,none,unthinned,1250
stand13,34.097,Eucalyptus globulus,1,2,28,none,unthinned,800
stand105,17.489,Eucalyptus globulus,1,2,30,none,unthinned,1250
stand86,11.991,Eucalyptus globulus,1,1,28,none,unthinned,1250
stand90,9.536,Eucalyptus globulus,1,1,30,none,unthinned,1250
stand87,9.472,Eucalyptus globulus,5,2,28,none,unthinned,800
stand34,7.095,Eucalyptus globulus,1,2,30,none,unthinned,1250
stand29,6.444,Eucalyptus globulus,6,1,28,none,unthinned,1250
stand20,5.797,Eucalyptus globulus,4,1,30,none,unthinned,1250
stand6,5.654,Eucalyptus globulus,2,2,28,none,unthinned,800
stand63,5.297,Eucalyptus globulus,1,2,30,none,unthinned,1250
stand62,5.281,Eucalyptus globulus,1,1,28,none,unthinned,1250
stand27,4.804,Eucalyptus globulus,1,1,30,none,unthinned,1250
stand25,4.665,Eucalyptus globulus,8,2,28,none,unthinned,800
stand88,4.418,Eucalyptus globulus,1,2,30,none,unthinned,1250
stand17,4.162,Eucalyptus globulus,6,1,28,none,unthinned,1250
stand30,3.945,Eucalyptus globulus,3,1,30,none,unthinned,1250
stand14,3.763,Eucalyptus globulus,1,2,28,none,unthinned,800
stand31,3.455,Eucalyptus globulus,1,2,30,none,unthinned,1250
stand60,3.059,Eucalyptus globulus,1,1,28,none,unthinned,1250
stand40,2.876,Eucalyptus globulus,8,1,30,none,unthinned,1250
stand92,2.81,Eucalyptus globulus,1,2,28,none,unthinned,800
stand24,2.734,Eucalyptus globulus,1,2,30,none,unthinned,1250
stand44,2.698,Eucalyptus globulus,1,1,28,none,unthinned,1250
stand23,2.658,Eucalyptus globulus,3,1,30,none,unthinned,1250
stand5,2.646,Eucalyptus globulus,7,2,28,none,unthinned,800
stand45,2.523,Eucalyptus globulus,2,2,30,none,unthinned,1250
stand7,2.507,Eucalyptus globulus,1,1,28,none,unthinned,1250
stand3,2.366,Eucalyptus globulus,5,1,30,none,unthinned,1250
stand85,2.339,Eucalyptus globulus,1,2,28,none,unthinned,800
stand26,2.228,Eucalyptus globulus,6,2,30,none,unthinned,1250
stand36,2.186,Eucalyptus globulus,1,1,28,none,unthinned,1250
stand37,1.805,Eucalyptus globulus,7,1,30,none,unthinned,1250
stand50,1.795,Eucalyptus globulus,7,2,28,none,unthinned,800
stand91,1.729,Eucalyptus globulus,3,2,30,none,unthinned,1250
stand32,1.533,Eucalyptus globulus,2,1,28,none,unthinned,1250
stand1,1.515,Eucalyptus globulus,1,1,30,none,unthinned,1250
stand33,1.455,Eucalyptus globulus,1,2,28,none,unthinned,800
stand22,1.418,Eucalyptus globulus,1,2,30,none,unthinned,1250
stand49,1.376,Eucalyptus globulus,1,1,28,none,unthinned,1250
stand42,1.326,Eucalyptus globulus,4,1,30,none,unthinned,1250
stand21,1.273,Eucalyptus globulus,1,2,28,none,unthinned,800
stand94,1.245,Eucalyptus globulus,1,2,30,none,unthinned,1250
stand9,1.152,Eucalyptus globulus,1,1,28,none,unthinned,1250
stand28,1.003,Eucalyptus globulus,1,1,30,none,unthinned,1250
stand8,0.97,Eucalyptus globulus,1,2,28,none,unthinned,800
stand54,0.948,Eucalyptus globulus,1,2,30,none,unthinned,1250
stand93,0.924,Eucalyptus globulus,1,1,28,none,unthinned,1250
stand51,0.872,Eucalyptus globulus,1,1,30,none,unthinned,1250
stand39,0.854,Eucalyptus globulus,1,2,28,none,unthinned,800
stand52,0.803,Eucalyptus globulus,1,2,30,none,unthinned,1250
stand46,0.693,Eucalyptus globulus,1,1,28,none,unthinned,1250
stand19,0.646,Eucalyptus globulus,1,1,30,none,unthinned,1250
stand48,0.511,Eucalyptus globulus,1,2,28,none,unthinned,800
stand16,0.491,Eucalyptus globulus,1,2,30,none,unthinned,1250
stand43,0.47,Eucalyptus globulus,1,1,28,none,unthinned,1250
stand47,0.399,Eucalyptus globulus,1,1,30,none,unthinned,1250
stand57,0.38,Eucalyptus globulus,1,2,28,none,unthinned,800
stand55,0.314,Eucalyptus globulus,1,2,30,none,unthinned,1250
stand4,0.289,Eucalyptus globulus,1,1,28,none,unthinned,1250
stand104,0.279,Eucalyptus globulus,1,1,30,none,unthinned,1250
stand41,0.271,Eucalyptus globulus,1,2,28,none,unthinned,800
stand38,0.221,Eucalyptus globulus,1,2,30,none,unthinned,1250
stand18,0.206,Eucalyptus globulus,1,1,28,none,unthinned,1250
stand56,0.205,Eucalyptus globulus,1,1,30,none,unthinned,1250
stand35,0.199,Eucalyptus globulus,1,2,28,none,unthinned,800
stand15,0.182,Eucalyptus globulus,1,2,30,none,unthinned,1250
stand12,0.174,Eucalyptus globulus,1,1,28,none,unthinned,1250
stand11,0.123,Eucalyptus globulus,1,1,30,none,unthinned,1250
stand61,0.104,Eucalyptus globulus,1,2,28,none,unthinned,800
stand53,0.09,Eucalyptus globulus,1,2,30,none,unthinned,1250
stand2,0.09,Eucalyptus globulus,1,1,28,none,unthinned,1250
stand10,0.079,Eucalyptus globulus,1,1,30,none,unthinned,1250
stand89,0.052,Eucalyptus globulus,1,2,28,none,unthinned,800
